drugId,drugName,typeOfdrug,remarks
1,"Omeprazole_Cap E/C 10mg",NULL,NULL
2,"Dressit Ster Dress Pack",NULL,NULL
3,"Flaminal Forte 15g Tube Wound Dress Prot",NULL,NULL
4,"Co-Magaldrox_Susp 195mg/220mg/5ml S/F",NULL,NULL
5,"Antacid/Oxetacaine_Oral Susp S/F",NULL,NULL
6,"Simeticone_Susp 40mg/ml S/F",NULL,NULL
7,"Infacol_Susp 40mg/ml S/F",NULL,NULL
8,"Gppe Liq_Gaviscon S/F",NULL,NULL
9,"Sod Algin/Pot Bicarb_Susp S/F",NULL,NULL
10,"Sod Alginate/Pot Bicarb_Tab Chble 500mg",NULL,NULL
11,Gastrocote_Tab,NULL,NULL
12,"Gaviscon Infant_Sach 2g (Dual Pack) S/F",NULL,NULL
13,"Gaviscon Advance_Liq (Aniseed) S/F",NULL,NULL
14,"Gaviscon_Liq Sach 10ml (Peppermint) S/F",NULL,NULL
15,"Gaviscon Advance_Liq (Peppermint) S/F",NULL,NULL
16,"Gaviscon Advance_Tab Chble 500mg Mint",NULL,NULL
17,"Gaviscon Double Action_Tab Chble",NULL,NULL
18,"Topal_Antacid Tab",NULL,NULL
19,"Peptac_Liq (Aniseed) S/F",NULL,NULL
20,"Peptac_Liq (Peppermint) S/F",NULL,NULL
21,"Alverine Cit_Cap 60mg",NULL,NULL
22,"Dicycloverine HCl_Tab 10mg",NULL,NULL
23,"Dicycloverine HCl_Tab 20mg",NULL,NULL
24,"Hyoscine Butylbrom_Inj 20mg/ml 1ml Amp",NULL,NULL
25,"Hyoscine Butylbrom_Tab 10mg",NULL,NULL
26,"Buscopan_Tab 10mg",NULL,NULL
27,"Mebeverine HCl_Tab 135mg",NULL,NULL
28,"Mebeverine HCl_Cap 200mg M/R",NULL,NULL
29,"Colofac_Tab 135mg",NULL,NULL
30,"Peppermint Oil_Cap E/C 0.2ml",NULL,NULL
31,"Peppermint Oil_Cap E/C 0.2ml M/R",NULL,NULL
32,"Colpermin_Cap E/C 0.2ml M/R",NULL,NULL
33,"Cimetidine_Tab 200mg",NULL,NULL
34,"Cimetidine_Tab 400mg",NULL,NULL
35,"Tagamet_Tab 400mg",NULL,NULL
36,"Ranitidine HCl_Tab 150mg",NULL,NULL
37,"Ranitidine HCl_Tab 300mg",NULL,NULL
38,"Ranitidine HCl_Oral Soln 75mg/5ml S/F",NULL,NULL
39,"Ranitidine HCl_Tab Eff 150mg",NULL,NULL
40,"Sucralfate_Tab 1g",NULL,NULL
41,"Esomeprazole_Tab E/C 20mg",NULL,NULL
42,"Esomeprazole_Tab E/C 40mg",NULL,NULL
43,"Lansoprazole_Cap 30mg (E/C Gran)",NULL,NULL
44,"Lansoprazole_Cap 15mg (E/C Gran)",NULL,NULL
45,"Lansoprazole_Orodisper Tab 15mg",NULL,NULL
46,"Lansoprazole_Orodisper Tab 30mg",NULL,NULL
47,"Omeprazole_Cap E/C 20mg",NULL,NULL
48,"Omeprazole_Cap E/C 40mg",NULL,NULL
49,"Omeprazole_Tab Disper 20mg (E/C Pellets)",NULL,NULL
50,"Omeprazole_Tab Disper 40mg (E/C Pellets)",NULL,NULL
51,"Omeprazole_Tab E/C 20mg",NULL,NULL
52,"Omeprazole_Tab E/C 40mg",NULL,NULL
53,"Omeprazole_Oral Susp 20mg/5ml",NULL,NULL
54,"Losec_Cap E/C 20mg",NULL,NULL
55,"Pantoprazole_Tab E/C 40mg",NULL,NULL
56,"Pantoprazole_Tab E/C 20mg",NULL,NULL
57,"Rabeprazole Sod_Tab E/C 10mg",NULL,NULL
58,"Rabeprazole Sod_Tab E/C 20mg",NULL,NULL
59,"Co-Phenotrope_Tab 2.5mg/25mcg",NULL,NULL
60,"Loperamide HCl_Cap 2mg",NULL,NULL
61,"Loperamide HCl_Oral Soln 1mg/5ml S/F",NULL,NULL
62,"Imodium Instants_Tab 2mg",NULL,NULL
63,"Asacol_MR Tab E/C 400mg",NULL,NULL
64,"Pentasa SR_Tab 500mg",NULL,NULL
65,"Pentasa_Tab 1g M/R",NULL,NULL
66,"Balsalazide Sod_Cap 750mg",NULL,NULL
67,"Sulfasalazine_Tab 500mg",NULL,NULL
68,"Sulfasalazine_Tab E/C 500mg",NULL,NULL
69,"Salazopyrin-En_Tab 500mg",NULL,NULL
70,"Budesonide_Cap 3mg (E/C Pellets)",NULL,NULL
71,"Entocort CR_Cap 3mg (E/C M/R Gran)",NULL,NULL
72,"Hydrocort Acet_Foam Aero Enem 10% (14 D)",NULL,NULL
73,"Colifoam_Foam Aero Enem 10% 20.8g (14 D)",NULL,NULL
74,"Sod Cromoglicate_Cap 100mg",NULL,NULL
75,"Ispag Husk_Gran Eff Sach 3.5g S/F",NULL,NULL
76,"Ispag Husk_Pdr Sach 3.4g Orange S/F",NULL,NULL
77,"Ispag Husk_Gran Sach 3.5g G/F",NULL,NULL
78,"Ispag Husk_Gran Sach 3.5g G/F S/F",NULL,NULL
79,"Fybogel_Gran Sach 3.5g Orange G/F S/F",NULL,NULL
80,"Methylcellulose_Tab 500mg",NULL,NULL
81,"Co-Danthramer_Susp 25mg/200mg/5ml S/F",NULL,NULL
82,"Co-Danthramer_Cap Strong 37.5mg/500mg",NULL,NULL
83,"Bisacodyl_Tab E/C 5mg",NULL,NULL
84,"Bisacodyl_Suppos 10mg",NULL,NULL
85,"Docusate Sod_Oral Soln 50mg/5ml S/F",NULL,NULL
86,"Docusate Sod_Cap 100mg",NULL,NULL
87,"Co-Danthrusate_Cap 50mg/60mg",NULL,NULL
88,"Glycerol_Suppos Adult's (4g)",NULL,NULL
89,"Senna_Tab 7.5mg",NULL,NULL
90,"Ispaghula/Senna Fruit_Gran 54.2%/12.4%",NULL,NULL
91,"Senna_Oral Soln 7.5mg/5ml S/F",NULL,NULL
92,Manevac_Gran,NULL,NULL
93,"Sod Picosulf_Oral Soln 5mg/5ml S/F",NULL,NULL
94,"Sod Picosulf_Cap 2.5mg",NULL,NULL
95,"Lactulose_Soln 3.1g-3.7g/5ml",NULL,NULL
96,"Macrogol_Co Oral Pdr Sach S/F",NULL,NULL
97,"Movicol_Pdr Sach 13.8g (Lem & Lim)",NULL,NULL
98,"Movicol Plain_Paed Pdr Sach 6.9g",NULL,NULL
99,"Laxido_Oral Pdr Sach (Orange)",NULL,NULL
100,"Laxido_Oral Pdr Sach (Orange) S/F",NULL,NULL
101,"Phos Enem_(For B) 128ml Stnd Tube",NULL,NULL
102,"Micralax_Micro-Enem 5ml",NULL,NULL
103,"Picolax_Pdr Sach 16.3g",NULL,NULL
104,"Diltiazem HCl_Crm 2%",NULL,NULL
105,Anusol_Crm,NULL,NULL
106,Anusol_Oint,NULL,NULL
107,Anusol_Suppos,NULL,NULL
108,Ultraproct_Oint,NULL,NULL
109,Ultraproct_Suppos,NULL,NULL
110,"Cinchocaine HCl/Hydrocort_Oint 0.5%/0.5%",NULL,NULL
111,"Cinchocaine HCl/Hydrocort_Suppos 5mg/5mg",NULL,NULL
112,"Lido/Hydrocort Acet_Oint 5%/0.275%",NULL,NULL
113,"Anugesic HC_Crm",NULL,NULL
114,"Anugesic HC_Suppos",NULL,NULL
115,"Anusol HC_Suppos",NULL,NULL
116,"Anusol HC_Oint",NULL,NULL
117,"Xyloproct_Oint 5%/0.275%",NULL,NULL
118,"Cinchocaine/Prednisolone_Oint 0.5%/0.19%",NULL,NULL
119,Scheriproct_Oint,NULL,NULL
120,"Glyceryl Trinit_Oint 0.4%",NULL,NULL
121,"Ursodeoxycholic Acid_Tab 150mg",NULL,NULL
122,"Ursodeoxycholic Acid_Cap 250mg",NULL,NULL
123,"Ursodeoxycholic Acid_Tab 300mg",NULL,NULL
124,"Creon 25000_Cap E/C",NULL,NULL
125,"Creon 10000_Cap E/C",NULL,NULL
126,"Creon 40000_Cap E/C",NULL,NULL
127,"Digoxin_Tab 62.5mcg",NULL,NULL
128,"Digoxin_Tab 125mcg",NULL,NULL
129,"Digoxin_Tab 250mcg",NULL,NULL
130,"Bendroflumethiazide_Tab 2.5mg",NULL,NULL
131,"Bendroflumethiazide_Tab 5mg",NULL,NULL
132,"Indapamide_Tab 2.5mg",NULL,NULL
133,"Indapamide_Tab 1.5mg M/R",NULL,NULL
134,"Metolazone_Tab 5mg",NULL,NULL
135,"Bumetanide_Tab 1mg",NULL,NULL
136,"Bumetanide_Tab 5mg",NULL,NULL
137,"Furosemide_Tab 20mg",NULL,NULL
138,"Furosemide_Tab 40mg",NULL,NULL
139,"Furosemide_Oral Soln 50mg/5ml S/F",NULL,NULL
140,"Amiloride HCl_Tab 5mg",NULL,NULL
141,"Spironol_Tab 25mg",NULL,NULL
142,"Spironol_Tab 50mg",NULL,NULL
143,"Spironol_Tab 100mg",NULL,NULL
144,"Spironol_Oral Susp 50mg/5ml",NULL,NULL
145,"Eplerenone_Tab 25mg",NULL,NULL
146,"Co-Amilofruse_Tab 5mg/40mg",NULL,NULL
147,"Frumil_Tab 40mg/5mg",NULL,NULL
148,"Amiloride HCl/Bumetanide_Tab 5mg/1mg",NULL,NULL
149,"Triamterene/Chlortalidone_Tab 50mg/50mg",NULL,NULL
150,"Amiodarone HCl_Tab 100mg",NULL,NULL
151,"Amiodarone HCl_Tab 200mg",NULL,NULL
152,"Flecainide Acet_Tab 50mg",NULL,NULL
153,"Nebivolol_Tab 2.5mg",NULL,NULL
154,"Atenolol_Oral Soln 25mg/5ml S/F",NULL,NULL
155,"Atenolol_Tab 50mg",NULL,NULL
156,"Atenolol_Tab 100mg",NULL,NULL
157,"Atenolol_Tab 25mg",NULL,NULL
158,"Bisoprolol Fumar_Tab 5mg",NULL,NULL
159,"Bisoprolol Fumar_Tab 10mg",NULL,NULL
160,"Bisoprolol Fumar_Tab 2.5mg",NULL,NULL
161,"Bisoprolol Fumar_Tab 7.5mg",NULL,NULL
162,"Bisoprolol Fumar_Tab 1.25mg",NULL,NULL
163,"Bisoprolol Fumar_Liq Spec 5mg/5ml",NULL,NULL
164,"Metoprolol Tart_Tab 50mg",NULL,NULL
165,"Nadolol_Tab 80mg",NULL,NULL
166,"Oxprenolol HCl_Tab 40mg",NULL,NULL
167,"Propranolol HCl_Cap 80mg M/R",NULL,NULL
168,"Propranolol HCl_Cap 160mg M/R",NULL,NULL
169,"Propranolol HCl_Tab 10mg",NULL,NULL
170,"Propranolol HCl_Tab 40mg",NULL,NULL
171,"Propranolol HCl_Tab 80mg",NULL,NULL
172,"Propranolol HCl_Oral Soln 50mg/5ml S/F",NULL,NULL
173,"Sotalol HCl_Tab 40mg",NULL,NULL
174,"Sotalol HCl_Tab 80mg",NULL,NULL
175,"Sotalol HCl_Tab 160mg",NULL,NULL
176,"Co-Tenidone_Tab 50mg/12.5mg",NULL,NULL
177,"Carvedilol_Tab 12.5mg",NULL,NULL
178,"Carvedilol_Tab 25mg",NULL,NULL
179,"Carvedilol_Tab 3.125mg",NULL,NULL
180,"Carvedilol_Tab 6.25mg",NULL,NULL
181,"Hydralazine HCl_Tab 25mg",NULL,NULL
182,"Hydralazine HCl_Tab 50mg",NULL,NULL
183,"Minoxidil_Tab 5mg",NULL,NULL
184,"Minoxidil_Tab 10mg",NULL,NULL
185,"Sildenafil_Tab 20mg",NULL,NULL
186,"Clonidine HCl_Tab 100mcg",NULL,NULL
187,"Methyldopa_Tab 125mg",NULL,NULL
188,"Methyldopa_Tab 250mg",NULL,NULL
189,"Methyldopa_Tab 500mg",NULL,NULL
190,"Moxonidine_Tab 200mcg",NULL,NULL
191,"Moxonidine_Tab 400mcg",NULL,NULL
192,"Doxazosin Mesil_Tab 1mg",NULL,NULL
193,"Doxazosin Mesil_Tab 2mg",NULL,NULL
194,"Doxazosin Mesil_Tab 4mg",NULL,NULL
195,"Doxazosin Mesil_Tab 4mg M/R",NULL,NULL
196,"Doxazosin Mesil_Tab 8mg M/R",NULL,NULL
197,"Phenoxybenz HCl_Cap 10mg",NULL,NULL
198,"Prazosin HCl_Tab 1mg",NULL,NULL
199,"Enalapril Mal_Tab 2.5mg",NULL,NULL
200,"Enalapril Mal_Tab 5mg",NULL,NULL
201,"Enalapril Mal_Tab 10mg",NULL,NULL
202,"Enalapril Mal_Tab 20mg",NULL,NULL
203,"Lisinopril/Hydchloroth_Tab 20mg/12.5mg",NULL,NULL
204,"Lisinopril/Hydchloroth_Tab 10mg/12.5mg",NULL,NULL
205,"Zestoretic 20_Tab",NULL,NULL
206,"Lisinopril_Tab 2.5mg",NULL,NULL
207,"Lisinopril_Tab 5mg",NULL,NULL
208,"Lisinopril_Tab 10mg",NULL,NULL
209,"Lisinopril_Tab 20mg",NULL,NULL
210,"Perindopril Erbumine_Tab 2mg",NULL,NULL
211,"Perindopril Erbumine_Tab 4mg",NULL,NULL
212,"Perindopril Erbumine_Tab 8mg",NULL,NULL
213,"Ramipril_Cap 1.25mg",NULL,NULL
214,"Ramipril_Cap 2.5mg",NULL,NULL
215,"Ramipril_Cap 5mg",NULL,NULL
216,"Ramipril_Cap 10mg",NULL,NULL
217,"Ramipril_Tab 2.5mg",NULL,NULL
218,"Ramipril_Tab 10mg",NULL,NULL
219,"Perindopril Arginine_Tab 2.5mg",NULL,NULL
220,"Clonidine HCl_Tab 25mcg",NULL,NULL
221,"Perindopril Argin/Indapam_Tab 5mg/1.25mg",NULL,NULL
222,"Irbesartan/Hydchloroth_Tab 150mg/12.5mg",NULL,NULL
223,"Irbesartan/Hydchloroth_Tab 300mg/12.5mg",NULL,NULL
224,"Irbesartan/Hydchloroth_Tab 300mg/25mg",NULL,NULL
225,"CoAprovel_Tab 150mg/12.5mg",NULL,NULL
226,"Olmesartan Medoxomil_Tab 10mg",NULL,NULL
227,"Olmesartan Medoxomil_Tab 20mg",NULL,NULL
228,"Olmesartan Medoxomil_Tab 40mg",NULL,NULL
229,"Candesartan Cilexetil_Tab 4mg",NULL,NULL
230,"Candesartan Cilexetil_Tab 8mg",NULL,NULL
231,"Candesartan Cilexetil_Tab 16mg",NULL,NULL
232,"Irbesartan_Tab 75mg",NULL,NULL
233,"Irbesartan_Tab 150mg",NULL,NULL
234,"Irbesartan_Tab 300mg",NULL,NULL
235,"Losartan Pot_Tab 25mg",NULL,NULL
236,"Losartan Pot_Tab 50mg",NULL,NULL
237,"Losartan Pot_Tab 100mg",NULL,NULL
238,"Losartan Pot/Hydchloroth_Tab 50mg/12.5mg",NULL,NULL
239,"Losartan Pot/Hydchloroth_Tab 100/12.5mg",NULL,NULL
240,"Telmisartan_Tab 20mg",NULL,NULL
241,"Valsartan_Cap 80mg",NULL,NULL
242,"Valsartan_Cap 160mg",NULL,NULL
243,"Valsartan/Hydchloroth_Tab 80mg/12.5mg",NULL,NULL
244,"Olmesartan Medox/Hydchloroth_Tab 20/12.5",NULL,NULL
245,"Aliskiren_Tab 150mg",NULL,NULL
246,"Aliskiren_Tab 300mg",NULL,NULL
247,"Glyceryl Trinit_Tab 500mcg",NULL,NULL
248,"Glyceryl Trinit_Tab Buccal 2mg M/R S/F",NULL,NULL
249,"Glyceryl Trinit_Tab Buccal 3mg M/R S/F",NULL,NULL
250,"Glyceryl Trinit_Tab 300mcg",NULL,NULL
251,"Glyceryl Trinit_Sub A/Spy 400mcg (180D)",NULL,NULL
252,"Glyceryl Trinit_Sub P/Spy 400mcg (180D)",NULL,NULL
253,"Glyceryl Trinit_Sub P/Spy 400mcg (200D)",NULL,NULL
254,"Isosorbide Dinit_Tab 20mg M/R",NULL,NULL
255,"Isosorbide Mononit_Tab 10mg",NULL,NULL
256,"Isosorbide Mononit_Tab 20mg",NULL,NULL
257,"Isosorbide Mononit_Tab 40mg",NULL,NULL
258,"Imdur_Durule 60mg",NULL,NULL
259,"Monomax XL_Tab 60mg",NULL,NULL
260,"Amlodipine_Tab 5mg",NULL,NULL
261,"Amlodipine_Tab 10mg",NULL,NULL
262,"Amlodipine_Oral Soln 10mg/5ml",NULL,NULL
263,"Istin_Tab 5mg",NULL,NULL
264,"Istin_Tab 10mg",NULL,NULL
265,"Diltiazem HCl_Tab 60mg M/R",NULL,NULL
266,"Diltiazem HCl_Tab 120mg M/R",NULL,NULL
267,"Diltiazem HCl_Cap 90mg M/R",NULL,NULL
268,"Diltiazem HCl_Cap 120mg M/R",NULL,NULL
269,"Diltiazem HCl_Cap 180mg M/R",NULL,NULL
270,"Diltiazem HCl_Cap 360mg M/R",NULL,NULL
271,"Tildiem Ret 90_Tab 90mg",NULL,NULL
272,"Tildiem LA 300_Cap 300mg",NULL,NULL
273,"Tildiem LA 200_Cap 200mg",NULL,NULL
274,"Adizem-XL_Cap 120mg",NULL,NULL
275,"Adizem-XL_Cap 180mg",NULL,NULL
276,"Adizem-XL_Cap 240mg",NULL,NULL
277,"Dilzem SR 60_Cap 60mg",NULL,NULL
278,"Dilzem SR 90_Cap 90mg",NULL,NULL
279,"Dilzem XL 120_Cap 120mg",NULL,NULL
280,"Dilzem XL 180_Cap 180mg",NULL,NULL
281,"Dilzem XL 240_Cap 240mg",NULL,NULL
282,"Angitil SR 90_Cap 90mg",NULL,NULL
283,"Angitil SR 120_Cap 120mg",NULL,NULL
284,"Angitil SR 180_Cap 180mg",NULL,NULL
285,"Angitil XL 240_Cap 240mg",NULL,NULL
286,"Angitil XL 300_Cap 300mg",NULL,NULL
287,"Zemtard 300 XL_Cap 300mg",NULL,NULL
288,"Zemtard 120 XL_Cap 120mg",NULL,NULL
289,"Zemtard 180 XL_Cap 180mg",NULL,NULL
290,"Zemtard 240 XL_Cap 240mg",NULL,NULL
291,"Viazem XL_Cap 120mg",NULL,NULL
292,"Viazem XL_Cap 180mg",NULL,NULL
293,"Viazem XL_Cap 240mg",NULL,NULL
294,"Viazem XL_Cap 360mg",NULL,NULL
295,"Felodipine_Tab 10mg M/R",NULL,NULL
296,"Felodipine_Tab 2.5mg M/R",NULL,NULL
297,"Cardioplen XL_Tab 5mg",NULL,NULL
298,"Lercanidipine HCl_Tab 10mg",NULL,NULL
299,"Lercanidipine HCl_Tab 20mg",NULL,NULL
300,"Nicardipine HCl_Cap 20mg",NULL,NULL
301,"Nifedipine_Cap 5mg",NULL,NULL
302,"Nifedipine_Cap 10mg",NULL,NULL
303,"Nifedipine_Cap 20mg M/R",NULL,NULL
304,"Nifedipine_Cap 10mg M/R",NULL,NULL
305,"Nifedipine_Tab 60mg M/R",NULL,NULL
306,"Nifedipine_Cap 30mg M/R",NULL,NULL
307,"Adalat LA 60_Tab 60mg",NULL,NULL
308,"Adalat LA 20_Tab 20mg",NULL,NULL
309,"Coracten SR_Cap 10mg",NULL,NULL
310,"Coracten XL_Cap 30mg",NULL,NULL
311,"Coracten XL_Cap 60mg",NULL,NULL
312,"Adipine MR 20_Tab 20mg",NULL,NULL
313,"Adipine MR 10_Tab 10mg",NULL,NULL
314,"Adipine XL_Tab 30mg",NULL,NULL
315,"Adipine XL_Tab 60mg",NULL,NULL
316,"Verapamil HCl_Tab 40mg",NULL,NULL
317,"Verapamil HCl_Tab 80mg",NULL,NULL
318,"Verapamil HCl_Tab 240mg M/R",NULL,NULL
319,"Verapamil HCl_Tab 120mg M/R",NULL,NULL
320,"Securon Sr_Tab 240mg",NULL,NULL
321,"Vertab SR 240_Tab 240mg",NULL,NULL
322,"Nicorandil_Tab 10mg",NULL,NULL
323,"Nicorandil_Tab 20mg",NULL,NULL
324,"Ivabradine_Tab 5mg",NULL,NULL
325,"Ranolazine_Tab 500mg M/R",NULL,NULL
326,"Naftidrofuryl Oxal_Cap 100mg",NULL,NULL
327,"Pentoxifylline_Tab 400mg M/R",NULL,NULL
328,"Cilostazol_Tab 100mg",NULL,NULL
329,"Enoxaparin_Inj 100mg/ml 0.4ml Pfs",NULL,NULL
330,"Tinzaparin Sod_Inj 20 000u/ml 0.7ml Pfs",NULL,NULL
331,"Tinzaparin Sod_Inj 20 000u/ml 0.9ml Pfs",NULL,NULL
332,"Tinzaparin Sod_Inj 20 000u/ml 0.5ml Pfs",NULL,NULL
333,"Tinzaparin Sod_Inj 10 000u/ml 0.35ml Pfs",NULL,NULL
334,"Tinzaparin Sod_Inj 10 000u/ml 0.25ml Pfs",NULL,NULL
335,"Innohep_Inj 20 000u/ml 0.7ml Pfs",NULL,NULL
336,"Warfarin Sod_Tab 1mg",NULL,NULL
337,"Warfarin Sod_Tab 3mg",NULL,NULL
338,"Warfarin Sod_Tab 5mg",NULL,NULL
339,"Dabigatran Etexilate_Cap 75mg",NULL,NULL
340,"Dabigatran Etexilate_Cap 150mg",NULL,NULL
341,"Aspirin Disper_Tab 75mg",NULL,NULL
342,"Aspirin_Tab 75mg",NULL,NULL
343,"Aspirin_Tab E/C 75mg",NULL,NULL
344,"Nu-Seals 75_Tab E/C 75mg",NULL,NULL
345,"Clopidogrel_Tab 75mg",NULL,NULL
346,"Dipyridamole_Tab 100mg",NULL,NULL
347,"Dipyridamole_Cap 200mg M/R",NULL,NULL
348,"Prasugrel_Tab 10mg",NULL,NULL
349,"Tranexamic Acid_Tab 500mg",NULL,NULL
350,"Tranexamic Acid_Liq Spec 500mg/5ml",NULL,NULL
351,"Rosuvastatin Calc_Tab 10mg",NULL,NULL
352,"Rosuvastatin Calc_Tab 20mg",NULL,NULL
353,"Rosuvastatin Calc_Tab 40mg",NULL,NULL
354,"Rosuvastatin Calc_Tab 5mg",NULL,NULL
355,"EPA/DHA_Cap 460mg/380mg",NULL,NULL
356,"Simvastatin/Ezetimibe_Tab 20mg/10mg",NULL,NULL
357,"Simvastatin/Ezetimibe_Tab 40mg/10mg",NULL,NULL
358,"Simvastatin/Ezetimibe_Tab 80mg/10mg",NULL,NULL
359,"Colesevelam HCl_Tab 625mg",NULL,NULL
360,"Atorvastatin_Tab 10mg",NULL,NULL
361,"Atorvastatin_Tab 20mg",NULL,NULL
362,"Atorvastatin_Tab 40mg",NULL,NULL
363,"Atorvastatin_Tab 80mg",NULL,NULL
364,"Bezafibrate_Tab 200mg",NULL,NULL
365,"Bezafibrate_Tab 400mg M/R",NULL,NULL
366,"Questran Light_Sach 9g (4g Of Ingredient",NULL,NULL
367,"Ezetimibe_Tab 10mg",NULL,NULL
368,"Fluvastatin Sod_Cap 40mg",NULL,NULL
369,"Fenofibrate_Cap 200mg (Micronised)",NULL,NULL
370,"Fenofibrate_Cap 67mg (Micronised)",NULL,NULL
371,"Fenofibrate_Cap 267mg (Micronised)",NULL,NULL
372,"Fenofibrate_Tab 160mg (Micronised)",NULL,NULL
373,"Maxepa_Cap 1g",NULL,NULL
374,"Pravastatin Sod_Tab 10mg",NULL,NULL
375,"Pravastatin Sod_Tab 20mg",NULL,NULL
376,"Pravastatin Sod_Tab 40mg",NULL,NULL
377,"Simvastatin_Tab 10mg",NULL,NULL
378,"Simvastatin_Tab 20mg",NULL,NULL
379,"Simvastatin_Tab 40mg",NULL,NULL
380,"Simvastatin_Tab 80mg",NULL,NULL
381,"Simvastatin_Oral Susp 20mg/5ml S/F",NULL,NULL
382,"Simvastatin_Oral Susp 40mg/5ml S/F",NULL,NULL
383,"Zocor_Tab 40mg",NULL,NULL
384,"Bambuterol HCl_Tab 10mg",NULL,NULL
385,"Formoterol Fumar_Pdr For Inh 6mcg (60 D)",NULL,NULL
386,"Salbutamol_Pdr For Inh 95mcg (200 D)",NULL,NULL
387,"Salbutamol_Inha 100mcg (200 D) CFF",NULL,NULL
388,"Salbutamol_Pdr For Inh 200mcg (60 D)",NULL,NULL
389,"Salbutamol_Inh Soln 2.5mg/2.5ml Ud",NULL,NULL
390,"Salbutamol_Inh Soln 5mg/ml",NULL,NULL
391,"Salbutamol_Oral Soln 2mg/5ml S/F",NULL,NULL
392,"Salbutamol_Inha B/A 100mcg (200 D) CFF",NULL,NULL
393,"Ventolin_Accuhaler 200mcg (60 D)",NULL,NULL
394,"Ventolin_Evohaler 100mcg (200 D)",NULL,NULL
395,"Salamol_Steri-Neb Soln 2.5mg/2.5ml Ud",NULL,NULL
396,"Salamol_Steri-Neb Soln 5mg/2.5ml Ud",NULL,NULL
397,"Salamol E-Breathe_Inh 100mcg (200 D) CFF",NULL,NULL
398,"Salmeterol_Pdr For Inh 50mcg + Ref",NULL,NULL
399,"Salmeterol_Pdr For Inh 50mcg (60 D)",NULL,NULL
400,"Salmeterol_Inha 25mcg (120 D) CFF",NULL,NULL
401,"Terbut Sulph_B/A Inha 500mcg (100 D)",NULL,NULL
402,"Bricanyl_Turbohaler 500mcg (100 D)",NULL,NULL
403,"Ipratrop Brom_Inha 20mcg (200 D) CFF",NULL,NULL
404,"Ipratrop_Steri-Neb Soln 250mcg/1ml Ud",NULL,NULL
405,"Ipratrop_Steri-Neb Soln 500mcg/2ml Ud",NULL,NULL
406,"Tiotropium_Pdr For Inh Cap 18mcg + Dev",NULL,NULL
407,"Tiotropium_Pdr For Inh Cap 18mcg",NULL,NULL
408,"Spiriva Respimat_Inha 2.5mcg (60D)+ Dev",NULL,NULL
409,"Phyllocontin Continus_Tab 225mg",NULL,NULL
410,"Theophylline_Tab 200mg M/R",NULL,NULL
411,"Slo-Phyllin_Cap 60mg",NULL,NULL
412,"Slo-Phyllin_Cap 125mg",NULL,NULL
413,"Slo-Phyllin_Cap 250mg",NULL,NULL
414,"Uniphyllin Continus_Tab 400mg",NULL,NULL
415,"Uniphyllin Continus_Tab 200mg",NULL,NULL
416,"Uniphyllin Continus_Tab 300mg",NULL,NULL
417,"Gppe Inh Soln_Combivent Ud 2.5ml",NULL,NULL
418,"Beclomet Diprop_Inha B/A100mcg(200 D)CFF",NULL,NULL
419,"Beclomet Diprop/Formoterol_Inh100/6(120D",NULL,NULL
420,"Qvar 50_Inha 50mcg (200 D)",NULL,NULL
421,"Qvar 100_Inha 100mcg (200 D)",NULL,NULL
422,"Qvar 50 E-Breathe_Inha 50mcg (200 D)",NULL,NULL
423,"Qvar 100 E-Breathe_Inha 100mcg (200 D)",NULL,NULL
424,"Clenil Modulite_Inha 50mcg (200D)",NULL,NULL
425,"Clenil Modulite_Inha 100mcg (200D)",NULL,NULL
426,"Clenil Modulite_Inha 200mcg (200D)",NULL,NULL
427,"Fostair_Inh 100mcg/6mcg (120D) CFF",NULL,NULL
428,"Budesonide_Pdr For Inh 400mcg (50 D)",NULL,NULL
429,"Budesonide/Formoterol Inh B/A 100/6(120D",NULL,NULL
430,"Budesonide/Formoterol Inh B/A 200/6(120D",NULL,NULL
431,"Budesonide/Formoterol Inh B/A 400/12(60D",NULL,NULL
432,"Pulmicort_Turbohaler 200mcg (100 D)",NULL,NULL
433,"Symbicort_Turbohaler 200mcg/6mcg (120 D)",NULL,NULL
434,"Symbicort_Turbohaler 400mcg/12mcg (60 D)",NULL,NULL
435,"Fluticasone Prop_Pdr For Inh 100mcg(60D)",NULL,NULL
436,"Fluticasone/Salmeterol_Inh 100/50mcg 60D",NULL,NULL
437,"Fluticasone/Salmeterol_Inh 250/50mcg 60D",NULL,NULL
438,"Fluticasone/Salmeterol_Inh 500/50mcg 60D",NULL,NULL
439,"Fluticasone Prop_Inha 250mcg (120 D) CFF",NULL,NULL
440,"Fluticasone/Salmeterol_Inh 50/25mcg 120D",NULL,NULL
441,"Fluticasone/Salmeterol_Inh 125/25mcg120D",NULL,NULL
442,"Fluticasone/Salmeterol_Inh 250/25mcg120D",NULL,NULL
443,"Seretide 100_Accuhaler 100mcg/50mcg(60D)",NULL,NULL
444,"Seretide 250_Accuhaler 250mcg/50mcg(60D)",NULL,NULL
445,"Seretide 500_Accuhaler 500mcg/50mcg(60D)",NULL,NULL
446,"Seretide 50_Evohaler 50mcg/25mcg (120 D)",NULL,NULL
447,"Seretide 250_Evohaler 250mcg/25mcg(120D)",NULL,NULL
448,"Ciclesonide_Inh 160mcg (60 D) CFF",NULL,NULL
449,"Montelukast_Tab Chble 5mg S/F",NULL,NULL
450,"Montelukast_Tab 10mg",NULL,NULL
451,"Montelukast_Tab Chble 4mg S/F",NULL,NULL
452,"Mizolastine_Tab 10mg M/R",NULL,NULL
453,"Desloratadine_Tab 5mg",NULL,NULL
454,"Levocetirizine_Tab 5mg",NULL,NULL
455,"Loratadine_Tab 10mg",NULL,NULL
456,"Loratadine_Oral Soln 5mg/5ml",NULL,NULL
457,"Fexofenadine HCl_Tab 120mg",NULL,NULL
458,"Fexofenadine HCl_Tab 180mg",NULL,NULL
459,"Fexofenadine HCl_Tab 30mg",NULL,NULL
460,"Chlorphenamine Mal_Oral Soln 2mg/5ml",NULL,NULL
461,"Chlorphenamine Mal_Tab 4mg",NULL,NULL
462,"Cetirizine HCl_Tab 10mg",NULL,NULL
463,"Cetirizine HCl_Oral Soln 1mg/1ml S/F",NULL,NULL
464,"Hydroxyzine HCl_Tab 10mg",NULL,NULL
465,"Hydroxyzine HCl_Tab 25mg",NULL,NULL
466,"Cyproheptadine HCl_Tab 4mg",NULL,NULL
467,"Diphenhydramine HCl_Tab 25mg",NULL,NULL
468,"Diphenhydramine HCl_Tab 50mg",NULL,NULL
469,"Promethazine HCl_Tab 10mg",NULL,NULL
470,"Promethazine HCl_Tab 25mg",NULL,NULL
471,"Alimemazine Tart_Tab 10mg",NULL,NULL
472,"Epipen_Auto-Inj 1/1000 1mg/ml 0.3ml",NULL,NULL
473,"Acetylcy_Tab Eff 600mg",NULL,NULL
474,"Carbocisteine_Cap 375mg",NULL,NULL
475,"Carbocisteine_Oral Soln 250mg/5ml",NULL,NULL
476,"Codeine Phos_Linct 15mg/5ml",NULL,NULL
477,"Codeine Phos_Linct 15mg/5ml S/F",NULL,NULL
478,"Pholcodine_Linct 5mg/5ml S/F",NULL,NULL
479,Simple_Linct,NULL,NULL
480,"Simple_Linct Paed",NULL,NULL
481,"Simple_Linct S/F",NULL,NULL
482,Haymine_Tab,NULL,NULL
483,"Pseudoephed HCl_Oral Soln 30mg/5ml",NULL,NULL
484,"Pseudoephed HCl_Tab 60mg",NULL,NULL
485,"Galpseud_Tab 60mg",NULL,NULL
486,"Melatonin_Tab 2mg M/R",NULL,NULL
487,"Melatonin_Cap 3mg M/R",NULL,NULL
488,"Melatonin_Oral Soln 5mg/5ml",NULL,NULL
489,"Circadin_Tab 2mg M/R",NULL,NULL
490,"Cloral Betaine_Tab 707mg",NULL,NULL
491,"Clomethi_Cap 192mg",NULL,NULL
492,"Nitrazepam_Tab 5mg",NULL,NULL
493,"Temazepam_Tab 10mg",NULL,NULL
494,"Temazepam_Tab 20mg",NULL,NULL
495,"Zolpidem Tart_Tab 10mg",NULL,NULL
496,"Zopiclone_Tab 7.5mg",NULL,NULL
497,"Zopiclone_Tab 3.75mg",NULL,NULL
498,"Buspirone HCl_Tab 5mg",NULL,NULL
499,"Buspirone HCl_Tab 10mg",NULL,NULL
500,"Chlordiazepox HCl_Cap 10mg",NULL,NULL
501,"Diazepam_Tab 2mg",NULL,NULL
502,"Diazepam_Tab 5mg",NULL,NULL
503,"Diazepam_Tab 10mg",NULL,NULL
504,"Lorazepam_Tab 1mg",NULL,NULL
505,"Oxazepam_Tab 10mg",NULL,NULL
506,"Oxazepam_Tab 15mg",NULL,NULL
507,"Quetiapine_Tab 25mg",NULL,NULL
508,"Quetiapine_Tab 100mg",NULL,NULL
509,"Quetiapine_Tab 200mg",NULL,NULL
510,"Quetiapine_Tab 150mg",NULL,NULL
511,"Quetiapine_Tab 300mg",NULL,NULL
512,"Quetiapine_Tab 50mg M/R",NULL,NULL
513,"Quetiapine_Tab 200mg M/R",NULL,NULL
514,"Quetiapine_Tab 300mg M/R",NULL,NULL
515,"Quetiapine_Tab 400mg M/R",NULL,NULL
516,"Aripiprazole_Tab 10mg",NULL,NULL
517,"Aripiprazole_Tab 15mg",NULL,NULL
518,"Aripiprazole_Tab 30mg",NULL,NULL
519,"Aripiprazole_Tab 5mg",NULL,NULL
520,"Amisulpride_Tab 200mg",NULL,NULL
521,"Amisulpride_Tab 50mg",NULL,NULL
522,"Amisulpride_Tab 400mg",NULL,NULL
523,"Amisulpride_Tab 100mg",NULL,NULL
524,"Chlorpromazine HCl_Tab 25mg",NULL,NULL
525,"Haloperidol_Cap 500mcg",NULL,NULL
526,"Haloperidol_Inj 5mg/ml 1ml Amp",NULL,NULL
527,"Haloperidol_Tab 1.5mg",NULL,NULL
528,"Levomeprom Mal_Liq Spec 2.5mg/5ml",NULL,NULL
529,"Zuclopenth HCl_Tab 10mg",NULL,NULL
530,"Sulpiride_Tab 200mg",NULL,NULL
531,"Sulpiride_Tab 400mg",NULL,NULL
532,"Trifluoperazine_Tab 1mg",NULL,NULL
533,"Trifluoperazine_Oral Soln 5mg/5ml S/F",NULL,NULL
534,"Risperidone_Tab 1mg",NULL,NULL
535,"Risperidone_Tab 2mg",NULL,NULL
536,"Risperidone_Tab 3mg",NULL,NULL
537,"Risperidone_Tab 4mg",NULL,NULL
538,"Risperidone_Oral Liq 1mg/1ml S/F",NULL,NULL
539,"Risperidone_Tab 500mcg",NULL,NULL
540,"Risperidone_Orodisper Tab 1mg S/F",NULL,NULL
541,"Olanzapine_Tab 5mg",NULL,NULL
542,"Olanzapine_Tab 7.5mg",NULL,NULL
543,"Olanzapine_Tab 10mg",NULL,NULL
544,"Olanzapine_Tab 2.5mg",NULL,NULL
545,"Olanzapine_Oral Lyophilisate Tab 10mgS/F",NULL,NULL
546,"Olanzapine_Tab 20mg",NULL,NULL
547,"Depixol_Inj 20mg/ml 2ml Amp",NULL,NULL
548,"Camcolit 400_Tab 400mg",NULL,NULL
549,"Priadel_Tab 400mg",NULL,NULL
550,"Priadel_Tab 200mg",NULL,NULL
551,"Valproic Acid_Tab G/R 500mg",NULL,NULL
552,"Depakote_Tab G/R 500mg",NULL,NULL
553,"Amitriptyline HCl_Tab 10mg",NULL,NULL
554,"Amitriptyline HCl_Tab 25mg",NULL,NULL
555,"Amitriptyline HCl_Tab 50mg",NULL,NULL
556,"Amitriptyline HCl_Oral Soln 25mg/5ml S/F",NULL,NULL
557,"Clomipramine HCl_Cap 25mg",NULL,NULL
558,"Clomipramine HCl_Cap 50mg",NULL,NULL
559,"Anafranil_Cap 50mg",NULL,NULL
560,"Dosulepin HCl_Cap 25mg",NULL,NULL
561,"Dosulepin HCl_Tab 75mg",NULL,NULL
562,"Dosulepin HCl_Liq Spec 75mg/5ml",NULL,NULL
563,"Imipramine HCl_Tab 10mg",NULL,NULL
564,"Imipramine HCl_Tab 25mg",NULL,NULL
565,"Lofepramine HCl_Tab 70mg",NULL,NULL
566,"Nortriptyline_Tab 10mg",NULL,NULL
567,"Trazodone HCl_Cap 50mg",NULL,NULL
568,"Trazodone HCl_Cap 100mg",NULL,NULL
569,"Trazodone HCl_Tab 150mg",NULL,NULL
570,"Trazodone HCl_Oral Liq 50mg/5ml S/F",NULL,NULL
571,"Moclobemide_Tab 150mg",NULL,NULL
572,"Phenelzine Sulph_Tab 15mg",NULL,NULL
573,"Tranylcypromine Sulph_Tab 10mg",NULL,NULL
574,"Citalopram Hydrob_Tab 20mg",NULL,NULL
575,"Citalopram Hydrob_Tab 10mg",NULL,NULL
576,"Citalopram Hydrob_Tab 40mg",NULL,NULL
577,"Fluoxetine HCl_Cap 20mg",NULL,NULL
578,"Fluoxetine HCl_Oral Soln 20mg/5ml",NULL,NULL
579,"Fluoxetine HCl_Cap 60mg",NULL,NULL
580,"Paroxetine HCl_Tab 20mg",NULL,NULL
581,"Paroxetine HCl_Tab 30mg",NULL,NULL
582,"Paroxetine HCl_Tab 10mg",NULL,NULL
583,"Seroxat_Tab 30mg",NULL,NULL
584,"Sertraline HCl_Tab 50mg",NULL,NULL
585,"Sertraline HCl_Tab 100mg",NULL,NULL
586,"Escitalopram_Tab 10mg",NULL,NULL
587,"Escitalopram_Tab 20mg",NULL,NULL
588,"Escitalopram_Tab 5mg",NULL,NULL
589,"Citalopram HCl_Oral Dps 40mg/ml S/F",NULL,NULL
590,"Flupentixol HCl_Tab 500mcg",NULL,NULL
591,"Flupentixol HCl_Tab 1mg",NULL,NULL
592,"Reboxetine_Tab 4mg",NULL,NULL
593,"Venlafaxine_Tab 37.5mg",NULL,NULL
594,"Venlafaxine_Tab 75mg",NULL,NULL
595,"Venlafaxine_Cap 75mg M/R",NULL,NULL
596,"Venlafaxine_Cap 150mg M/R",NULL,NULL
597,"Venlafaxine_Tab 75mg M/R",NULL,NULL
598,"Venlafaxine_Tab 150mg M/R",NULL,NULL
599,"Venlafaxine_Tab 225mg M/R",NULL,NULL
600,"Venlafaxine_Tab 37.5mg M/R",NULL,NULL
601,"Mirtazapine_Tab 30mg",NULL,NULL
602,"Mirtazapine_Oral Soln 75mg/5ml S/F",NULL,NULL
603,"Mirtazapine_Orodisper Tab 30mg",NULL,NULL
604,"Mirtazapine_Orodisper Tab 15mg",NULL,NULL
605,"Mirtazapine_Orodisper Tab 45mg",NULL,NULL
606,"Mirtazapine_Tab 15mg",NULL,NULL
607,"Mirtazapine_Tab 45mg",NULL,NULL
608,"Duloxetine HCl_Cap G/R 30mg",NULL,NULL
609,"Duloxetine HCl_Cap G/R 60mg",NULL,NULL
610,"Agomelatine_Tab 25mg",NULL,NULL
611,"Dexamfet Sulph_Tab 5mg",NULL,NULL
612,"Methylphenidate HCl_Tab 10mg",NULL,NULL
613,"Methylphenidate HCl_Tab 5mg",NULL,NULL
614,"Methylphenidate HCl_Tab 20mg",NULL,NULL
615,"Methylphenidate HCl_Tab 18mg M/R",NULL,NULL
616,"Methylphenidate HCl_Tab 36mg M/R",NULL,NULL
617,"Methylphenidate HCl_Tab 27mg M/R",NULL,NULL
618,"Methylphenidate HCl_Cap 10mg M/R",NULL,NULL
619,"Equasym XL_Cap 20mg",NULL,NULL
620,"Equasym XL_Cap 30mg",NULL,NULL
621,"Concerta_XL Tab 18mg",NULL,NULL
622,"Concerta_XL Tab 36mg",NULL,NULL
623,"Concerta_XL Tab 27mg",NULL,NULL
624,"Medikinet XL_Cap 40mg",NULL,NULL
625,"Modafinil_Tab 100mg",NULL,NULL
626,"Atomoxetine HCl_Cap 10mg",NULL,NULL
627,"Atomoxetine HCl_Cap 18mg",NULL,NULL
628,"Atomoxetine HCl_Cap 60mg",NULL,NULL
629,"Orlistat_Cap 120mg",NULL,NULL
630,"Hyoscine_Skin Patch 1mg/72hrs",NULL,NULL
631,"Betahistine HCl_Tab 8mg",NULL,NULL
632,"Betahistine HCl_Tab 16mg",NULL,NULL
633,"Serc-16_Tab 16mg",NULL,NULL
634,"Cinnarizine_Tab 15mg",NULL,NULL
635,"Cyclizine HCl_Tab 50mg",NULL,NULL
636,"Cyclizine Lact_Inj 50mg/ml 1ml Amp",NULL,NULL
637,"Domperidone_Susp 5mg/5ml S/F",NULL,NULL
638,"Domperidone_Tab 10mg",NULL,NULL
639,"Hyoscine Hydrob_Tab 300mcg",NULL,NULL
640,"Hyoscine Hydrob_Tab Chble 150mcg",NULL,NULL
641,"Metoclopramide HCl_Oral Soln 5mg/5ml S/F",NULL,NULL
642,"Metoclopramide HCl_Tab 10mg",NULL,NULL
643,"Ondansetron HCl_Oral Soln 4mg/5ml S/F",NULL,NULL
644,"Prochlpzine Mal_Tab 5mg",NULL,NULL
645,"Prochlpzine Mal_Tab Buccal 3mg",NULL,NULL
646,"Prochlpzine Mesil_Oral Soln 5mg/5ml",NULL,NULL
647,"Promethazine Teoclate_Tab 25mg",NULL,NULL
648,"Aspirin Disper_Tab 300mg",NULL,NULL
649,"Co-Codamol_Tab 8mg/500mg",NULL,NULL
650,"Co-Codamol_Cap 8mg/500mg",NULL,NULL
651,"Co-Codamol Eff_Tab 8mg/500mg",NULL,NULL
652,"Co-Codamol_Cap 30mg/500mg",NULL,NULL
653,"Co-Codamol Eff_Tab 30mg/500mg",NULL,NULL
654,"Co-Codamol_Tab 30mg/500mg",NULL,NULL
655,"Co-Codamol_Tab 15mg/500mg",NULL,NULL
656,"Paracet_Cap 500mg",NULL,NULL
657,"Paracet_Oral Susp 250mg/5ml",NULL,NULL
658,"Paracet_Tab 500mg",NULL,NULL
659,"Paracet_Tab Solb 500mg",NULL,NULL
660,"Paracet_Oral Susp Paed 120mg/5ml S/F",NULL,NULL
661,"Paracet_Oral Soln Paed 120mg/5ml S/F",NULL,NULL
662,"Paracet_Oral Susp 250mg/5ml S/F",NULL,NULL
663,"Co-Dydramol_Tab 10mg/500mg",NULL,NULL
664,"Nefopam HCl_Tab 30mg",NULL,NULL
665,"Co-Proxamol_Tab 32.5mg/325mg",NULL,NULL
666,"Oxycodone HCl_Oral Soln 5mg/5ml S/F",NULL,NULL
667,"Oxycodone HCl_Cap 5mg",NULL,NULL
668,"Oxycodone HCl_Tab 10mg M/R",NULL,NULL
669,"Oxycodone HCl_Tab 20mg M/R",NULL,NULL
670,"Oxycodone HCl_Tab 40mg M/R",NULL,NULL
671,"Oxycodone HCl_Tab 80mg M/R",NULL,NULL
672,"Oxycodone HCl_Inj 10mg/ml 1ml Amp",NULL,NULL
673,"Oxycodone HCl_Inj 50mg/ml 1ml Amp",NULL,NULL
674,"Oxycodone HCl_Tab 60mg M/R",NULL,NULL
675,"OxyNorm_Oral Soln 5mg/5ml S/F",NULL,NULL
676,"OxyNorm_Cap 5mg",NULL,NULL
677,"OxyNorm_Cap 20mg",NULL,NULL
678,"OxyContin_Tab 10mg M/R",NULL,NULL
679,"OxyContin_Tab 20mg M/R",NULL,NULL
680,"OxyContin_Tab 40mg M/R",NULL,NULL
681,"OxyContin_Tab 5mg M/R",NULL,NULL
682,"Oxycodone HCl/Naloxone HCl_Tab 10/5mgM/R",NULL,NULL
683,"Oxycodone HCl/NaloxoneHCl_Tab 20/10mgM/R",NULL,NULL
684,"Oxycodone HCl/NaloxoneHCl_Tab 5/2.5mgM/R",NULL,NULL
685,"Fentanyl_Transdermal Patch 25mcg/hr",NULL,NULL
686,"Durogesic DTrans_T/Derm Patch 25mcg",NULL,NULL
687,"Durogesic DTrans_T/Derm Patch 50mcg",NULL,NULL
688,"Durogesic DTrans_T/Derm Patch 75mcg",NULL,NULL
689,"Durogesic DTrans_T/Derm Patch 100mcg",NULL,NULL
690,"Durogesic DTrans_T/Derm Patch 12mcg",NULL,NULL
691,"Matrifen_Patch 12mcg/hr",NULL,NULL
692,"Matrifen_Patch 25mcg/hr",NULL,NULL
693,"Matrifen_Patch 50mcg/hr",NULL,NULL
694,"Matrifen_Patch 100mcg/hr",NULL,NULL
695,"Buprenorphine_Tab Subling 200mcg S/F",NULL,NULL
696,"Buprenorphine_Patch 35mcg/hr (96hr)",NULL,NULL
697,"Buprenorphine_Patch 52.5mcg/hr (96hr)",NULL,NULL
698,"Buprenorphine_Patch 70mcg/hr (96hr)",NULL,NULL
699,"Buprenorphine_Patch 5mcg/hr (7day)",NULL,NULL
700,"Buprenorphine_Patch 10mcg/hr (7day)",NULL,NULL
701,"Buprenorphine_Patch 20mcg/hr (7day)",NULL,NULL
702,"BuTrans_Transdermal Patch 5mcg/hr",NULL,NULL
703,"BuTrans_Transdermal Patch 10mcg/hr",NULL,NULL
704,"Codeine Phos_Oral Soln 25mg/5ml",NULL,NULL
705,"Codeine Phos_Tab 15mg",NULL,NULL
706,"Codeine Phos_Tab 30mg",NULL,NULL
707,"Codeine Phos_Tab 60mg",NULL,NULL
708,"Dihydrocodeine Tart_Tab 30mg",NULL,NULL
709,"Dihydrocodeine Tart_Tab 60mg M/R",NULL,NULL
710,"Dihydrocodeine Tart_Tab 90mg M/R",NULL,NULL
711,"Dihydrocodeine Tart_Tab 120mg M/R",NULL,NULL
712,"Dihydrocodeine Tart_Tab 40mg",NULL,NULL
713,"Methadone HCl_Tab 5mg",NULL,NULL
714,"Morph Sulph_Inj 10mg/1ml Amp",NULL,NULL
715,"Morph Sulph_Oral Soln 10mg/5ml",NULL,NULL
716,"Morph Sulph_Gran Sach 30mg M/R",NULL,NULL
717,"Mst Continus_Tab 10mg",NULL,NULL
718,"Mst Continus_Tab 30mg",NULL,NULL
719,"Mst Continus_Tab 60mg",NULL,NULL
720,"Mst Continus_Tab 100mg",NULL,NULL
721,"Mst Continus_Tab 5mg",NULL,NULL
722,"Mst Continus_Tab 15mg",NULL,NULL
723,"Oramorph_Oral Soln 10mg/5ml",NULL,NULL
724,"Zomorph_Cap 10mg",NULL,NULL
725,"Zomorph_Cap 30mg",NULL,NULL
726,"Zomorph_Cap 60mg",NULL,NULL
727,"Zomorph_Cap 100mg",NULL,NULL
728,"Zomorph_Cap 200mg",NULL,NULL
729,"Morphgesic SR_Tab 10mg",NULL,NULL
730,"Morphgesic SR_Tab 30mg",NULL,NULL
731,"Morphgesic SR_Tab 60mg",NULL,NULL
732,"Pethidine HCl_Tab 50mg",NULL,NULL
733,"Tramadol HCl_Cap 50mg",NULL,NULL
734,"Tramadol HCl_Tab 100mg M/R",NULL,NULL
735,"Tramadol HCl_Cap 50mg M/R",NULL,NULL
736,"Tramadol HCl_Cap 100mg M/R",NULL,NULL
737,"Tramadol HCl_Cap 150mg M/R",NULL,NULL
738,"Tramadol HCl_Cap 200mg M/R",NULL,NULL
739,"Tramadol HCl_Orodisper Tab 50mg",NULL,NULL
740,"Tramadol HCl/Paracet_Tab 37.5mg/325mg",NULL,NULL
741,"Zamadol_Cap 50mg",NULL,NULL
742,"Zamadol 24hr_Tab 400mg",NULL,NULL
743,"Tramacet_Tab 37.5mg/325mg",NULL,NULL
744,"Maxitram SR_Cap 50mg",NULL,NULL
745,"Maxitram SR_Cap 100mg",NULL,NULL
746,"Maxitram SR_Cap 150mg",NULL,NULL
747,"Maxitram SR_Cap 200mg",NULL,NULL
748,"Hydromorphone HCl_Cap 2.6mg",NULL,NULL
749,"Hydromorphone HCl_Cap 1.3mg",NULL,NULL
750,"Paracet/Metoclopramide HCl_Tab 500mg/5mg",NULL,NULL
751,"Migraleve Complete_Tab",NULL,NULL
752,"Migraleve_Pink Tab",NULL,NULL
753,"Naratriptan HCl_Tab 2.5mg",NULL,NULL
754,"Rizatriptan_Tab 5mg",NULL,NULL
755,"Rizatriptan_Tab 10mg",NULL,NULL
756,"Rizatriptan_Oral Lyophilisate Tab 10mg",NULL,NULL
757,"Maxalt_Melt Oral Lyophilisate Tab 10mg",NULL,NULL
758,"Sumatriptan_Tab 100mg",NULL,NULL
759,"Sumatriptan_Tab 50mg",NULL,NULL
760,"Zolmitriptan_Tab 2.5mg",NULL,NULL
761,"Zolmitriptan_Orodisper Tab 2.5mg",NULL,NULL
762,"Zolmitriptan_Nsl Spy 5mg/0.1ml Ud",NULL,NULL
763,"Pizotifen Malate_Tab 500mcg",NULL,NULL
764,"Pizotifen Malate_Tab 1.5mg",NULL,NULL
765,"Pregabalin_Cap 25mg",NULL,NULL
766,"Pregabalin_Cap 50mg",NULL,NULL
767,"Pregabalin_Cap 75mg",NULL,NULL
768,"Pregabalin_Cap 100mg",NULL,NULL
769,"Pregabalin_Cap 150mg",NULL,NULL
770,"Pregabalin_Cap 200mg",NULL,NULL
771,"Pregabalin_Cap 300mg",NULL,NULL
772,"Pregabalin_Cap 225mg",NULL,NULL
773,"Levetiracetam_Tab 250mg",NULL,NULL
774,"Levetiracetam_Tab 500mg",NULL,NULL
775,"Levetiracetam_Tab 1g",NULL,NULL
776,"Levetiracetam_Oral Soln 500mg/5ml S/F",NULL,NULL
777,"Levetiracetam_Tab 750mg",NULL,NULL
778,"Carbamazepine_Tab 100mg",NULL,NULL
779,"Carbamazepine_Tab 200mg",NULL,NULL
780,"Carbamazepine_Tab 400mg",NULL,NULL
781,"Carbamazepine_Tab 200mg M/R",NULL,NULL
782,"Carbamazepine_Oral Liq 100mg/5ml S/F",NULL,NULL
783,"Tegretol_Tab 200mg",NULL,NULL
784,"Tegretol Prolonged Release_Tab 200mg M/R",NULL,NULL
785,"Tegretol Prolonged Release_Tab 400mg M/R",NULL,NULL
786,"Oxcarbazepine_Tab 300mg",NULL,NULL
787,"Oxcarbazepine_Tab 150mg",NULL,NULL
788,"Oxcarbazepine_Tab 600mg",NULL,NULL
789,"Clonazepam_Tab 500mcg",NULL,NULL
790,"Clonazepam_Tab 2mg",NULL,NULL
791,"Gabapentin_Cap 100mg",NULL,NULL
792,"Gabapentin_Cap 300mg",NULL,NULL
793,"Gabapentin_Cap 400mg",NULL,NULL
794,"Gabapentin_Tab 600mg",NULL,NULL
795,"Gabapentin_Liq Spec 300mg/5ml",NULL,NULL
796,"Gabapentin_Oral Soln 250mg/5ml",NULL,NULL
797,"Lamotrigine_Tab 100mg",NULL,NULL
798,"Lamotrigine_Tab 50mg",NULL,NULL
799,"Lamotrigine_Tab 25mg",NULL,NULL
800,"Lamotrigine_Tab Disper 25mg",NULL,NULL
801,"Lamotrigine_Tab 200mg",NULL,NULL
802,"Lamictal_Disper Tab 25mg",NULL,NULL
803,"Lamictal_Tab 200mg",NULL,NULL
804,"Ethosuximide_Oral Soln 250mg/5ml",NULL,NULL
805,"Phenobarb_Tab 30mg",NULL,NULL
806,"Phenobarb_Tab 60mg",NULL,NULL
807,"Phenytoin_Sod Cap 100mg",NULL,NULL
808,"Phenytoin_Sod Cap 25mg",NULL,NULL
809,"Phenytoin_Sod Tab 100mg",NULL,NULL
810,"Phenytoin_Sod Cap 50mg",NULL,NULL
811,"Phenytoin_Sod Cap 300mg",NULL,NULL
812,"Epanutin_Cap 100mg",NULL,NULL
813,"Epanutin_Cap 300mg",NULL,NULL
814,"Primidone_Tab 250mg",NULL,NULL
815,"Sod Valpr_Oral Soln 200mg/5ml S/F",NULL,NULL
816,"Sod Valpr_Tab 100mg",NULL,NULL
817,"Sod Valpr_Tab E/C 200mg",NULL,NULL
818,"Sod Valpr_Tab E/C 500mg",NULL,NULL
819,"Sod Valpr_Oral Soln 200mg/5ml",NULL,NULL
820,"Sod Valpr_Tab 200mg M/R",NULL,NULL
821,"Sod Valpr_Tab 300mg M/R",NULL,NULL
822,"Sod Valpr_Tab 500mg M/R",NULL,NULL
823,"Epilim 200_Tab E/C 200mg",NULL,NULL
824,"Epilim 500_Tab E/C 500mg",NULL,NULL
825,"Epilim Chrono 200_Tab 200mg C/R",NULL,NULL
826,"Epilim Chrono 300_Tab 300mg C/R",NULL,NULL
827,"Epilim Chrono 500_Tab 500mg C/R",NULL,NULL
828,"Phenytoin_Oral Susp 30mg/5ml",NULL,NULL
829,"Valproic Acid_Cap E/C 150mg",NULL,NULL
830,"Valproic Acid_Cap E/C 500mg",NULL,NULL
831,"Topiramate_Tab 50mg",NULL,NULL
832,"Topiramate_Tab 100mg",NULL,NULL
833,"Topiramate_Tab 200mg",NULL,NULL
834,"Topiramate_Tab 25mg",NULL,NULL
835,"Clobazam_Tab 10mg",NULL,NULL
836,"Midazolam_Oromuc Soln 10mg/ml",NULL,NULL
837,"Amantadine HCl_Cap 100mg",NULL,NULL
838,"Ropinirole HCl_Tab 2mg M/R",NULL,NULL
839,"Ropinirole HCl_Tab 4mg M/R",NULL,NULL
840,"ReQuip XL_Tab 2mg",NULL,NULL
841,"Co-Beneldopa_Cap 12.5mg/50mg",NULL,NULL
842,"Co-Beneldopa_Cap 25mg/100mg",NULL,NULL
843,"Madopar_Cap 50mg/12.5mg",NULL,NULL
844,"Madopar_Cap 100mg/25mg",NULL,NULL
845,"Madopar CR_Cap",NULL,NULL
846,"Co-Careldopa_Tab 25mg/100mg",NULL,NULL
847,"Co-Careldopa_Tab 12.5mg/50mg",NULL,NULL
848,"Co-Careldopa_Tab 50mg/200mg M/R",NULL,NULL
849,"Sinemet-Plus_Tab 125mg",NULL,NULL
850,"Half Sinemet CR_Tab 125mg",NULL,NULL
851,"Sinemet_Tab 12.5mg/50mg",NULL,NULL
852,"Cabergoline_Tab 1mg",NULL,NULL
853,"Entacapone_Tab 200mg",NULL,NULL
854,"Pramipexole_Tab 88mcg",NULL,NULL
855,"Stalevo_Tab 150mg/37.5mg/200mg",NULL,NULL
856,"Rasagiline Mesil_Tab 1mg",NULL,NULL
857,"Rotigotine_Transdermal Patch 4mg/24hrs",NULL,NULL
858,"Trihexyphenidyl HCl_Tab 2mg",NULL,NULL
859,"Orphenadrine HCl_Tab 50mg",NULL,NULL
860,"Procyclidine HCl_Tab 5mg",NULL,NULL
861,"Acamprosate Calc_Tab E/C 333mg",NULL,NULL
862,"Disulfiram_Tab 200mg",NULL,NULL
863,"Nicotine_Nsl Spy 500mcg (200 D) 10ml",NULL,NULL
864,"Nicotine_Transdermal Patch 7mg/24hrs",NULL,NULL
865,"Nicotine_Transdermal Patch 14mg/24hrs",NULL,NULL
866,"Nicotine_Transdermal Patch 21mg/24hrs",NULL,NULL
867,"Nicotine_Transdermal Patch 10mg/16hrs",NULL,NULL
868,"Nicotine_Transdermal Patch 15mg/16hrs",NULL,NULL
869,"Nicotine_Inhalator + Inh Cart 10mg",NULL,NULL
870,"Nicotine_Loz 2mg S/F",NULL,NULL
871,"Nicotine_Loz 4mg S/F",NULL,NULL
872,"Nicotine_Chewing Gum 2mg S/F",NULL,NULL
873,"Nicotine_Chewing Gum 4mg S/F",NULL,NULL
874,"Nicotine_Loz 1.5mg S/F (Mint)",NULL,NULL
875,"Nicotine_Transdermal Patch 25mg/16hrs",NULL,NULL
876,"Nicotine_Oromucosal P/Spy (1mg D) S/F",NULL,NULL
877,"Nicotine_Inhalator + Inh Cart 15mg",NULL,NULL
878,"Nicorette Invisi_Patch 15mg/16hrs",NULL,NULL
879,"Nicorette Invisi_Patch 25mg/16hrs",NULL,NULL
880,"Nicotinell_Chewing Gum 2mg S/F(Icemint)",NULL,NULL
881,"NiQuitin Clr_Patch 21mg/24hrs(Step 1)",NULL,NULL
882,"NiQuitin Minis Mint_Loz 4mg S/F",NULL,NULL
883,"NiQuitin Minis Mint_Loz 1.5mg S/F",NULL,NULL
884,"Varenicline Tart_Tab 0.5mg",NULL,NULL
885,"Varenicline Tart_Tab 1mg",NULL,NULL
886,"Varenicline Tart_Ti/P (Tab 0.5mg/1mg)",NULL,NULL
887,"Buprenorphine_Tab Subling 400mcg S/F",NULL,NULL
888,"Buprenorphine_Tab Subling 2mg S/F",NULL,NULL
889,"Methadone HCl_Mix 1mg/1ml S/F",NULL,NULL
890,"Naltrexone HCl_Cap 4.5mg",NULL,NULL
891,"Donepezil HCl_Tab 5mg",NULL,NULL
892,"Donepezil HCl_Tab 10mg",NULL,NULL
893,"Donepezil HCl_Orodisper Tab 10mg S/F",NULL,NULL
894,"Rivastigmine_Cap 3mg",NULL,NULL
895,"Rivastigmine_Cap 6mg",NULL,NULL
896,"Rivastigmine_Skin Patch 9.5mg/24hrs",NULL,NULL
897,"Galantamine_Tab 8mg",NULL,NULL
898,"Galantamine_Cap 16mg M/R",NULL,NULL
899,"Galantamine_Cap 24mg M/R",NULL,NULL
900,"Memantine HCl_Tab 10mg",NULL,NULL
901,"Memantine HCl_Tab 20mg",NULL,NULL
902,"Phenoxymethylpenicillin_Soln 125mg/5ml",NULL,NULL
903,"Phenoxymethylpenicillin_Soln 250mg/5ml",NULL,NULL
904,"Phenoxymethylpenicillin Pot_Tab 250mg",NULL,NULL
905,"Phenoxymethylpenicillin_Soln 125mg/5mlSF",NULL,NULL
906,"Phenoxymethylpenicillin_Soln 250mg/5mlSF",NULL,NULL
907,"Fluclox Sod_Cap 250mg",NULL,NULL
908,"Fluclox Sod_Cap 500mg",NULL,NULL
909,"Fluclox Sod_Oral Soln 125mg/5ml",NULL,NULL
910,"Fluclox Sod_Oral Soln 250mg/5ml",NULL,NULL
911,"Fluclox Sod_Oral Soln 125mg/5ml S/F",NULL,NULL
912,"Amoxicillin_Cap 250mg",NULL,NULL
913,"Amoxicillin_Cap 500mg",NULL,NULL
914,"Amoxicillin_Oral Susp 250mg/5ml",NULL,NULL
915,"Amoxicillin_Oral Susp 125mg/5ml S/F",NULL,NULL
916,"Amoxicillin_Oral Susp 250mg/5ml S/F",NULL,NULL
917,"Co-Amoxiclav_Tab 250mg/125mg",NULL,NULL
918,"Co-Amoxiclav_Susp 250mg/62mg/5ml S/F",NULL,NULL
919,"Co-Amoxiclav_Tab 500mg/125mg",NULL,NULL
920,"Selexid_Tab 200mg",NULL,NULL
921,"Cefaclor_Cap 500mg",NULL,NULL
922,"Cefalexin_Cap 250mg",NULL,NULL
923,"Cefalexin_Cap 500mg",NULL,NULL
924,"Cefalexin_Oral Susp 125mg/5ml",NULL,NULL
925,"Cefalexin_Oral Susp 250mg/5ml",NULL,NULL
926,"Cefalexin_Oral Susp 500mg/5ml",NULL,NULL
927,"Cefalexin_Tab 250mg",NULL,NULL
928,"Demeclocycline HCl_Cap 150mg",NULL,NULL
929,"Doxycycline Hyclate_Cap 50mg",NULL,NULL
930,"Doxycycline Hyclate_Cap 100mg",NULL,NULL
931,"Doxycycline Hyclate_Tab Disper 100mg S/F",NULL,NULL
932,"Lymecycline_Cap 408mg",NULL,NULL
933,"Tetralysal 300_Cap",NULL,NULL
934,"Minocycline HCl_Tab 100mg",NULL,NULL
935,"Minocycline HCl_Cap 100mg M/R",NULL,NULL
936,"Oxytetracycline_Tab 250mg",NULL,NULL
937,"Gentamicin Sulph_Inj 40mg/ml 2ml Amp",NULL,NULL
938,"Azithromycin_Cap 250mg",NULL,NULL
939,"Azithromycin_Oral Susp 200mg/5ml",NULL,NULL
940,"Azithromycin_Tab 500mg",NULL,NULL
941,"Clarithromycin_Tab 250mg",NULL,NULL
942,"Clarithromycin_Tab 500mg",NULL,NULL
943,"Clarithromycin_Oral Susp 250mg/5ml",NULL,NULL
944,"Erythromycin_Tab E/C 250mg",NULL,NULL
945,"Erythromycin_Cap E/C 250mg",NULL,NULL
946,"Erythromycin_Ethylsuc Susp 250mg/5ml",NULL,NULL
947,"Erythromycin_Ethylsuc Susp 125mg/5ml S/F",NULL,NULL
948,"Erythromycin_Ethylsuc Susp 250mg/5ml S/F",NULL,NULL
949,"Erythromycin Stearate_Tab 500mg",NULL,NULL
950,"Co-Trimoxazole_Susp Paed 240mg/5ml S/F",NULL,NULL
951,"Co-Trimoxazole_Tab 80mg/400mg",NULL,NULL
952,"Trimethoprim_Tab 100mg",NULL,NULL
953,"Trimethoprim_Tab 200mg",NULL,NULL
954,"Trimethoprim_Oral Susp 50mg/5ml S/F",NULL,NULL
955,"Dapsone_Tab 50mg",NULL,NULL
956,"Metronidazole_Suppos 500mg",NULL,NULL
957,"Metronidazole_Tab 200mg",NULL,NULL
958,"Metronidazole_Tab 400mg",NULL,NULL
959,"Metronidazole_Tab 500mg",NULL,NULL
960,"Ciprofloxacin_Tab 250mg",NULL,NULL
961,"Ciprofloxacin_Tab 500mg",NULL,NULL
962,"Ciprofloxacin_Tab 750mg",NULL,NULL
963,"Nitrofurantoin_Cap 50mg",NULL,NULL
964,"Nitrofurantoin_Cap 100mg",NULL,NULL
965,"Nitrofurantoin_Oral Susp 25mg/5ml S/F",NULL,NULL
966,"Nitrofurantoin_Tab 50mg",NULL,NULL
967,"Nitrofurantoin_Cap 100mg M/R",NULL,NULL
968,"Fluconazole_Cap 50mg",NULL,NULL
969,"Fluconazole_Cap 150mg",NULL,NULL
970,"Fluconazole_Oral Susp 50mg/5ml",NULL,NULL
971,"Itraconazole_Cap 100mg",NULL,NULL
972,"Nystatin_Oral Susp 100 000u/ml",NULL,NULL
973,"Nystan_Susp (Ready Mixed)",NULL,NULL
974,"Terbinafine HCl_Tab 250mg",NULL,NULL
975,"Valaciclovir_Tab 500mg",NULL,NULL
976,"Aciclovir_Oral Susp 200mg/5ml S/F",NULL,NULL
977,"Aciclovir_Tab 200mg",NULL,NULL
978,"Aciclovir_Tab 400mg",NULL,NULL
979,"Aciclovir_Tab 800mg",NULL,NULL
980,"Aciclovir_Tab Disper 800mg",NULL,NULL
981,"Aciclovir_Tab Disper 200mg",NULL,NULL
982,"Quinine Sulph_Tab 200mg",NULL,NULL
983,"Quinine Sulph_Tab 300mg",NULL,NULL
984,"Mebendazole_Oral Susp 100mg/5ml",NULL,NULL
985,"Mebendazole_Tab Chble 100mg S/F",NULL,NULL
986,"Ins Aspart_Inj 100u/ml 10ml Vl",NULL,NULL
987,"Ins Aspart_Inj 100u/ml 3ml Cart",NULL,NULL
988,"Ins NovoRapid_Inj 100u/ml 10ml Vl",NULL,NULL
989,"Ins NovoRapid_Penfill 100u/ml 3ml Cart",NULL,NULL
990,"Ins NovoRapid_FlexPen 100u/ml 3ml Pf Pen",NULL,NULL
991,"Ins Lispro_(Hum Prb) 100u/ml 3ml Cart",NULL,NULL
992,"Ins Humalog_100u/ml 3ml Cart",NULL,NULL
993,"Ins Humulin S_100u/ml 10ml Vl",NULL,NULL
994,"Ins Humulin S_100u/ml 3ml Cart",NULL,NULL
995,"Ins Humulin M3_100u/ml 10ml Vl",NULL,NULL
996,"Ins Humulin M3_100u/ml 3ml Cart",NULL,NULL
997,"Ins Humulin M3_KwikPen 100u/ml 3ml PfPen",NULL,NULL
998,"Ins Humalog Mix 25_KwikPen 100u/ml 3mlPf",NULL,NULL
999,"Ins Humalog Mix 50_KwikPen 100u/ml 3mlPf",NULL,NULL
1000,"Gppe Ins_Hum Insulat 100u/ml 3ml Cart",NULL,NULL
